attribute_code,indicator_id,indicator_label,keyword_phrases,regex_or_pattern
YE,YE_01,Formal creation date; entry‑into‑force (if relevant),established; founded; created; entered into force; adopted,(?:established|founded|created|entered\s+into\s+force|adopted)
SJ,SJ_01,Geographic scope; ABNJ/high seas references; regional coverage,high seas; ABNJ; beyond national jurisdiction; territorial sea; EEZ; global; regional; ocean basin,(?:high\s+seas|ABNJ|beyond\s+national\s+jurisdiction|territorial\s+sea|EEZ|global|regional|ocean\s+basin)
SMJ,SMJ_01,Issue/domain coverage; functional remit statements,functions include; within its remit; biodiversity; fisheries; shipping; climate; pollution; seabed; ecosystem; conservation,(?:functions\s+include|within\s+its\s+remit|biodiversity|fisheries|shipping|climate|pollution|seabed|ecosystem|conservation)
SoJ,SoJ_01,Legal basis; enabling clause + article citation,mandate; legal basis; authorized by; pursuant to; Article; treaty; charter; resolution; statute,(?:mandate|legal\s+basis|authorized\s+by|pursuant\s+to|Article|treaty|charter|resolution|statute)
DO,DO_01,Objectives/purposes; mission statements,objective; purpose; goal; mission; vision; aims,(?:objective|purpose|goal|mission|vision|aims)
STR,STR_01,Instrument families and implementation modes,strategic plan; programme of work; regulation; standard; guideline; MRV; compliance; enforcement; capacity building; finance; data services; partnership,(?:strategic\s+plan|programme\s+of\s+work|regulation|standard|guideline|MRV|compliance|enforcement|capacity\s+building|finance|data\s+services|partnership)
IIR,IIR_01,Partner type; formality; mechanism; year,MoU; memorandum of understanding; partnership; joint programme; cooperation agreement; platform; working group,(?:MoU|memorandum\s+of\s+understanding|partnership|joint\s+programme|cooperation\s+agreement|platform|working\s+group)
VC,VC_01,Cross‑level linkages; focal points; reporting lines,national focal point; reporting; implementation; subsidiary body; regional office; capacity support,(?:national\s+focal\s+point|reporting|implementation|subsidiary\s+body|regional\s+office|capacity\s+support)
HC,HC_01,Peer‑level coordination; cross‑sector integration,inter‑agency; coordination; joint working group; cross‑sector; cooperation; collaborative platform; partnership mechanism,(?:inter‑agency|coordination|joint\s+working\s+group|cross‑sector|cooperation|collaborative\s+platform|partnership\s+mechanism)
