doc_id,igo_id,igo_name,doc_family,doc_type,filename,local_path,file_ext,file_bytes,sha256,bundle_relpath,source_url,access_date,extraction_method,page_count,pages_with_text,empty_pages,pct_pages_with_text,page_load_errors,extraction_quality_flag,source_note
DOC_0001,isa,International Seabed Authority,Foundational / legal,Agreement,Agreement-relating-to-the-imp-of-Part-XI-of-UNCLOS.pdf,/mnt/data/Agreement-relating-to-the-imp-of-Part-XI-of-UNCLOS.pdf,.pdf,3540184,7a38037f1217f7869491bc648e38633a65157ea449bf7c611db94eefc0870d92,data/raw/igo_documents/Agreement-relating-to-the-imp-of-Part-XI-of-UNCLOS.pdf,,,pymupdf_text,130.0,0.0,130.0,0.0,130.0,low_text_density|page_load_errors,Provided (local copy)
DOC_0002,ifad,International Fund for Agricultural Development (IFAD),Foundational / legal,Agreement,Agreement_IFAD.pdf,/mnt/data/Agreement_IFAD.pdf,.pdf,694212,b74072052a2c433988e869cd14517f3d2ecc1e43a28758a299647b3bc0ca3e3c,data/raw/igo_documents/Agreement_IFAD.pdf,,,pymupdf_text,29.0,28.0,1.0,0.9655,0.0,ok,Provided (local copy)
DOC_0003,brs,"Secretariat of the Basel, Rotterdam and Stockholm Conventions (BRS)",Foundational / legal,Convention / treaty,BRS Convention.pdf,/mnt/data/BRS Convention.pdf,.pdf,138889,6d411ee57726f03a03b3509027d191271024fb875618fd7e8d4da534823baf5f,data/raw/igo_documents/BRS Convention.pdf,,,pymupdf_text,12.0,12.0,0.0,1.0,0.0,ok,Provided (local copy)
DOC_0004,cbd,Secretariat of the Convention on Biological Diversity (CBD),Foundational / legal,Convention / treaty,CBD Convention.pdf,/mnt/data/CBD Convention.pdf,.pdf,4551079,9acd3886bfb0b3c3a4d75b254b53dd4ab084d7ad59915f09f03bbe92cdc75517,data/raw/igo_documents/CBD Convention.pdf,,,pymupdf_text,36.0,34.0,2.0,0.9444,0.0,ok,Provided (local copy)
DOC_0005,cites,Secretariat of the Convention on International Trade in Endangered Species of Wild Fauna and Flora (CITES),Foundational / legal,Convention / treaty,CITES-Convention-EN.pdf,/mnt/data/CITES-Convention-EN.pdf,.pdf,80367,02cc613103111642367658255552b5d504de466f8f7602177b9f42f96e47d927,data/raw/igo_documents/CITES-Convention-EN.pdf,,,pymupdf_text,16.0,15.0,1.0,0.9375,0.0,ok,Provided (local copy)
DOC_0006,iom,International Organization for Migration (IOM),Foundational / legal,Constitution,Constitution of the International Organization for Migration (1953; rev. 1989).pdf,/mnt/data/Constitution of the International Organization for Migration (1953; rev. 1989).pdf,.pdf,609027,2f61eee6f11bc285f35e63d09e98aaf15aed3e8be82419ff3aed1c4661c61507,data/raw/igo_documents/Constitution of the International Organization for Migration (1953; rev. 1989).pdf,,,pymupdf_text,84.0,70.0,14.0,0.8333,0.0,ok,Provided (local copy)
DOC_0007,itu,International Telecommunication Union (ITU),Foundational / legal,Constitution,Constitution of the ITU.pdf,/mnt/data/Constitution of the ITU.pdf,.pdf,252544,e737c962504357370a05ad486d6d590ce190e3e5167d4cd32b23ca1be328b83e,data/raw/igo_documents/Constitution of the ITU.pdf,,,pymupdf_text,66.0,65.0,1.0,0.9848,0.0,ok,Provided (local copy)
DOC_0008,itu,International Telecommunication Union (ITU),Foundational / legal,Convention / treaty,Convention ITU.pdf,/mnt/data/Convention ITU.pdf,.pdf,340380,c180919b634e4cea59dfa7b8af1460dbb1660b07d3756e6208d7769aa561ce18,data/raw/igo_documents/Convention ITU.pdf,,,pymupdf_text,90.0,89.0,1.0,0.9889,0.0,ok,Provided (local copy)
DOC_0009,cms,Secretariat of the Convention on Migratory Species (CMS),Foundational / legal,Convention / treaty,Convention on the Conservation of Migratory Species of Wild Animals.PDF,/mnt/data/Convention on the Conservation of Migratory Species of Wild Animals.PDF,.pdf,29985,76365426795274a3351b8b7ab61bc0ca494a7f0a9a2ed74284215fe754dc16f6,data/raw/igo_documents/Convention on the Conservation of Migratory Species of Wild Animals.PDF,,,pymupdf_text,6.0,6.0,0.0,1.0,0.0,ok,Provided (local copy)
DOC_0010,iho,International Hydrographic Organization (IHO),Foundational / legal,Convention / treaty,Convention_IHO.pdf,/mnt/data/Convention_IHO.pdf,.pdf,368702,f89d60726dbc7cbb57b6e0e49e7a3d75fe634745b5722f2e423c3d496e499575,data/raw/igo_documents/Convention_IHO.pdf,,,pymupdf_text,14.0,13.0,1.0,0.9286,0.0,ok,Provided (local copy)
DOC_0011,fao,Food and Agriculture Organization of the United Nations (FAO),Foundational / legal,Document,FAO Basic Text.pdf,/mnt/data/FAO Basic Text.pdf,.pdf,1602860,08988258fffd3e23ddf0ab7facf583708ff8a19ec143b9cae19af2d3584c5849,data/raw/igo_documents/FAO Basic Text.pdf,,,pymupdf_text,245.0,224.0,21.0,0.9143,0.0,ok,Provided (local copy)
DOC_0012,iaea,International Atomic Energy Agency (IAEA),Foundational / legal,Statute,IAEA Statute.pdf,/mnt/data/IAEA Statute.pdf,.pdf,2229230,b3667fd13228acb1b40e26a7e09bd60f4359594228ee3df7cd17e6ba70c9d9bd,data/raw/igo_documents/IAEA Statute.pdf,,,pymupdf_text,77.0,76.0,1.0,0.987,0.0,ok,Provided (local copy)
DOC_0013,ices,International Council for the Exploration of the Sea (ICES),Foundational / legal,Convention / treaty,ICES_Convention_1964.pdf,/mnt/data/ICES_Convention_1964.pdf,.pdf,144950,e9de1aae372d2ba575ec31af76df6ecc5fcbd4cc7904f29663d83f0fc7e33893,data/raw/igo_documents/ICES_Convention_1964.pdf,,,pymupdf_text,4.0,4.0,0.0,1.0,0.0,ok,Provided (local copy)
DOC_0014,iho,International Hydrographic Organization (IHO),Other / governance instrument,Document,IHO Basic document.pdf,/mnt/data/IHO Basic document.pdf,.pdf,996645,8b501f9e0356d28cd1f0df0be297362979b6c997eebbb1adb84285b95462a937,data/raw/igo_documents/IHO Basic document.pdf,,,pymupdf_text,89.0,73.0,16.0,0.8202,0.0,ok,Provided (local copy)
DOC_0015,ilo,International Labour Organization (ILO),Foundational / legal,Constitution,ILO Constitution.pdf,/mnt/data/ILO Constitution.pdf,.pdf,340079,c8112b101ee34164a50fc8c2f35fdd0b94b600f950fe7739e4fa58aacce90a00,data/raw/igo_documents/ILO Constitution.pdf,,,pymupdf_text,44.0,40.0,4.0,0.9091,0.0,ok,Provided (local copy)
DOC_0016,imf,International Monetary Fund (IMF),Foundational / legal,Agreement,IMF article of agreement.pdf,/mnt/data/IMF article of agreement.pdf,.pdf,1101841,c99a65d66fc0528520b6a8b0691eb16f810ee8a7b84dcb03b0c6b7c405e6b6de,data/raw/igo_documents/IMF article of agreement.pdf,,,pymupdf_text,136.0,128.0,8.0,0.9412,0.0,ok,Provided (local copy)
DOC_0017,imo,Convention on the Intergovernmental Maritime Consultative Organization (IMO) Secretariat,Foundational / legal,Convention / treaty,IMO Convention.pdf,/mnt/data/IMO Convention.pdf,.pdf,1525777,8be6c5f1930e8baa35ba66ecedb8c24b515ce86508818ea1c636f86770ad3bcb,data/raw/igo_documents/IMO Convention.pdf,,,pymupdf_text,102.0,93.0,9.0,0.9118,0.0,ok,Provided (local copy)
DOC_0018,isa,International Seabed Authority,Other / governance instrument,Document,International Seabed Authority.pdf,/mnt/data/International Seabed Authority.pdf,.pdf,277122,81c29a2ba97838a9f904ec53c76a24bfd5007e3d76e36656ff22bf76bb238773,data/raw/igo_documents/International Seabed Authority.pdf,,,pymupdf_text,16.0,16.0,0.0,1.0,0.0,ok,Provided (local copy)
DOC_0019,ioc,Intergovernmental Oceanographic Commission (IOC),Foundational / legal,Statute,IOC Statute.pdf,/mnt/data/IOC Statute.pdf,.pdf,164913,3ab69ce915ea96857a7688d8f548cebefd6bdb604f536923934760f366bda9b1,data/raw/igo_documents/IOC Statute.pdf,,,pymupdf_text,41.0,41.0,0.0,1.0,0.0,ok,Provided (local copy)
DOC_0020,ipcc,IPCC,Other / governance instrument,Procedures / principles,IPCC Principles and Procedures.pdf,/mnt/data/IPCC Principles and Procedures.pdf,.pdf,48792,4245dcfd7c5bca0a22d085b0523170d7dd76c5397074958a66a6794390cdb35a,data/raw/igo_documents/IPCC Principles and Procedures.pdf,,,pymupdf_text,12.0,12.0,0.0,1.0,0.0,ok,Provided (local copy)
DOC_0021,unep,United Nations Environment Programme (UNEP),Foundational / legal,Resolution / decision,IPCC — Founding WMO:UNEP resolution(s).pdf,/mnt/data/IPCC — Founding WMO:UNEP resolution(s).pdf,.pdf,36645,c752fb7508ec4dd2d270cd02c85c8b665ba3dcbb4378eb8f58d0df802c92047f,data/raw/igo_documents/IPCC — Founding WMO:UNEP resolution(s).pdf,,,pymupdf_text,5.0,5.0,0.0,1.0,0.0,ok,Provided (local copy)
DOC_0022,itc,International Trade Centre (ITC),Foundational / legal,Agreement,ITC_ GENERAL AGREEMENT TARIFFS AND TRADE.pdf,/mnt/data/ITC_ GENERAL AGREEMENT TARIFFS AND TRADE.pdf,.pdf,1484913,639e850528c67bde03c195435fb9c8f144c24b76b269f8140af315e2facad0b5,data/raw/igo_documents/ITC_ GENERAL AGREEMENT TARIFFS AND TRADE.pdf,,,pymupdf_text,15.0,15.0,0.0,1.0,0.0,ok,Provided (local copy)
DOC_0023,minamata,Minamata Convention on Mercury (Minamata),Foundational / legal,Convention / treaty,Minamata-Convention-booklet-Sep2019-EN.pdf,/mnt/data/Minamata-Convention-booklet-Sep2019-EN.pdf,.pdf,599032,d3583c7f8e3ec99219b491ba91f18fecf49d32971aaefc73277ce4f9d6ddb49a,data/raw/igo_documents/Minamata-Convention-booklet-Sep2019-EN.pdf,,,pymupdf_text,72.0,61.0,11.0,0.8472,0.0,ok,Provided (local copy)
DOC_0024,oecd,Organisation for Economic Co-operation and Development (OECD),Foundational / legal,Convention / treaty,OECD Convention.pdf,/mnt/data/OECD Convention.pdf,.pdf,200947,1eec4fa9ebb1c2bf6f9226456858cfef390a87be1faafb531ed1decba3acff96,data/raw/igo_documents/OECD Convention.pdf,,,pymupdf_text,14.0,14.0,0.0,1.0,0.0,ok,Provided (local copy)
DOC_0025,ipbes,The Intergovernmental Science-Policy Platform on Biodiversity and Ecosystem Services (IPBES),Other / governance instrument,Procedures / principles,Operating PRincinples of IPBES.pdf,/mnt/data/Operating PRincinples of IPBES.pdf,.pdf,183843,bb2821719f8cf63add22aaa8863a0036fbdd2d7aa05fb3805862ab0ea9459c18,data/raw/igo_documents/Operating PRincinples of IPBES.pdf,,,pymupdf_text,7.0,7.0,0.0,1.0,0.0,ok,Provided (local copy)
DOC_0026,ramsar,Ramsar Convention on Wetlands Secretariat (Ramsar),Foundational / legal,Convention / treaty,Ramsar COnvention.pdf,/mnt/data/Ramsar COnvention.pdf,.pdf,2685932,43235038efc11376f32b8b3c12e1e9a71dab8948362f2498f933ca3f957402fd,data/raw/igo_documents/Ramsar COnvention.pdf,,,pymupdf_text,116.0,114.0,2.0,0.9828,0.0,ok,Provided (local copy)
DOC_0027,unctad,United Nations Conference on Trade and Development (UNCTAD),Foundational / legal,Rules / regulations,Rules of procedure_UNCTAD.pdf,/mnt/data/Rules of procedure_UNCTAD.pdf,.pdf,926157,d927fdae526da0fb44ff1dd3726092d5935b54d51cc562f8e378825991126d90,data/raw/igo_documents/Rules of procedure_UNCTAD.pdf,,,pymupdf_text,135.0,128.0,7.0,0.9481,0.0,ok,Provided (local copy)
DOC_0028,unhcr_ohchr,"Commissioner for Refugees (UNHCR), and the Office of the United Nations High Commissioner for Human Rights (OHCHR)",Foundational / legal,Statute,Statute of the Office of the UN High Commissioner for Refugees.pdf,/mnt/data/Statute of the Office of the UN High Commissioner for Refugees.pdf,.pdf,84869,cb65d5e997dbcb731fa940802ebef29d2a08aacfd510dcdb0ba2c13384af79d0,data/raw/igo_documents/Statute of the Office of the UN High Commissioner for Refugees.pdf,,,pymupdf_text,16.0,14.0,2.0,0.875,0.0,ok,Provided (local copy)
DOC_0029,un_doalos,Division for Ocean Affairs and the Law of the Sea (UN DOALOS),Other / governance instrument,Document,UN DAOLOS.pdf,/mnt/data/UN DAOLOS.pdf,.pdf,258652,6ea7b3eb6c6d1a16eac350d840856936428243213e976ca54c82afadf10eb4ac,data/raw/igo_documents/UN DAOLOS.pdf,,,pymupdf_text,9.0,9.0,0.0,1.0,0.0,ok,Provided (local copy)
DOC_0030,unicef,United Nations Children’s Fund (UNICEF),Foundational / legal,Resolution / decision,UN General Assembly resolution creating UNICEF.pdf,/mnt/data/UN General Assembly resolution creating UNICEF.pdf,.pdf,375119,cf59404d9f7f0afdcfbc6dd88b72a2beeabb5659028a301ce29becd0fbb1e8ca,data/raw/igo_documents/UN General Assembly resolution creating UNICEF.pdf,,,pymupdf_text,6.0,6.0,0.0,1.0,0.0,ok,Provided (local copy)
DOC_0031,ungc,UN Global Compact Office,Other / governance instrument,Document,UN Global Compact.pdf,/mnt/data/UN Global Compact.pdf,.pdf,654821,34d0119baee967f3770e56917b132af0c14980bb8eee340b748e322aa7fccc03,data/raw/igo_documents/UN Global Compact.pdf,,,pymupdf_text,40.0,38.0,2.0,0.95,0.0,ok,Provided (local copy)
DOC_0032,unfpa,UN Population Fund (UNFPA),Foundational / legal,Resolution / decision,UN Population Fund Resolution.pdf,/mnt/data/UN Population Fund Resolution.pdf,.pdf,241226,8890ec900a9ea325386ec58d0dc0af0ac9037c8b47da3278ec23131fd20cc974,data/raw/igo_documents/UN Population Fund Resolution.pdf,,,pymupdf_text,2.0,0.0,2.0,0.0,0.0,low_text_density,Provided (local copy)
DOC_0033,un_women,UN Entity for Gender Equality and the Empowerment of Women (UN-Women),Foundational / legal,Resolution / decision,UN Women Resolution.pdf,/mnt/data/UN Women Resolution.pdf,.pdf,141404,3acc9f96e4ab500a524b9c462caddcb1aaab8cdd76b5cd2826a278fa04edda9f,data/raw/igo_documents/UN Women Resolution.pdf,,,pymupdf_text,14.0,14.0,0.0,1.0,0.0,ok,Provided (local copy)
DOC_0034,unccd,Secretariat of the United Nations Convention to Combat Desertification (UNCCD),Foundational / legal,Convention / treaty,UNCCD_Convention_ENG_0_0.pdf,/mnt/data/UNCCD_Convention_ENG_0_0.pdf,.pdf,818293,fb821c383d355e8998485711038d9fdd28599cddfdbe03a0a5205c514ed8969c,data/raw/igo_documents/UNCCD_Convention_ENG_0_0.pdf,,,pymupdf_text,56.0,54.0,2.0,0.9643,0.0,ok,Provided (local copy)
DOC_0035,unctad,United Nations Conference on Trade and Development (UNCTAD),Foundational / legal,Resolution / decision,UNCTAD Resolution.pdf,/mnt/data/UNCTAD Resolution.pdf,.pdf,425682,c40ee1852eb11724e980f68de36f0f25804b510d4565ce3f96dff2cda19ccc6d,data/raw/igo_documents/UNCTAD Resolution.pdf,,,pymupdf_text,5.0,5.0,0.0,1.0,0.0,ok,Provided (local copy)
DOC_0036,undp,United Nations Development Programme (UNDP),Foundational / legal,Resolution / decision,UNDP — UN General Assembly establishing resolution.pdf,/mnt/data/UNDP — UN General Assembly establishing resolution.pdf,.pdf,262105,488ade8f973c1b4555454c5cae9e3f46e45765f33f7fc97f99d988a45a208d97,data/raw/igo_documents/UNDP — UN General Assembly establishing resolution.pdf,,,pymupdf_text,2.0,2.0,0.0,1.0,0.0,ok,Provided (local copy)
DOC_0037,undrr,United Nations Office for Disaster Risk Reduction (UNDRR),Foundational / legal,Resolution / decision,UNDRR Resolution.pdf,/mnt/data/UNDRR Resolution.pdf,.pdf,292269,53e865d0635f6a8ddbfec9bb6a183c2ce9a197db218d5722ddb53a07098102e3,data/raw/igo_documents/UNDRR Resolution.pdf,,,pymupdf_text,12.0,12.0,0.0,1.0,0.0,ok,Provided (local copy)
DOC_0038,ipbes,The Intergovernmental Science-Policy Platform on Biodiversity and Ecosystem Services (IPBES),Other / governance instrument,Document,UNEP Gov. Council est IPBES.doc,/mnt/data/UNEP Gov. Council est IPBES.doc,.doc,126464,82525cf9527af3646ac731cd29c318da8baad910c494db868a23c70c4da449fe,data/raw/igo_documents/UNEP Gov. Council est IPBES.doc,,,unsupported_non_pdf,,,,,,unsupported,Provided (local copy)
DOC_0039,unep,United Nations Environment Programme (UNEP),Foundational / legal,Resolution / decision,UNEP Secretriat Resolution.pdf,/mnt/data/UNEP Secretriat Resolution.pdf,.pdf,489090,a98da312fb9eff038a32eb6fd9918071d168110002d9217d22eeb6b5f11c6323,data/raw/igo_documents/UNEP Secretriat Resolution.pdf,,,pymupdf_text,3.0,3.0,0.0,1.0,0.0,ok,Provided (local copy)
DOC_0040,unfccc,Climate Change Secretariat,Other / governance instrument,Document,UNFCCC.pdf,/mnt/data/UNFCCC.pdf,.pdf,52331,acdc17637f54a0fddc524a19a2abf13893120456e619896a5a2b7b82ee727786,data/raw/igo_documents/UNFCCC.pdf,,,pymupdf_text,33.0,33.0,0.0,1.0,0.0,ok,Provided (local copy)
DOC_0041,unfccc,Climate Change Secretariat,Foundational / legal,Resolution / decision,UNGA Resolution on UNFCCC.pdf,/mnt/data/UNGA Resolution on UNFCCC.pdf,.pdf,231060,c5b03d93e510cb6a5ed97e55a9e152435ac3bca35be9585a582125771897fa78,data/raw/igo_documents/UNGA Resolution on UNFCCC.pdf,,,pymupdf_text,2.0,0.0,2.0,0.0,0.0,low_text_density,Provided (local copy)
DOC_0042,unido,United Nations Industrial Development Organization (UNIDO),Foundational / legal,Constitution,UNIDO Constitution.pdf,/mnt/data/UNIDO Constitution.pdf,.pdf,180354,308ab496fa7ce3ba04f8de32443f1d8138db6a53722241cd9f2f262afd4d99f9,data/raw/igo_documents/UNIDO Constitution.pdf,,,pymupdf_text,36.0,34.0,2.0,0.9444,0.0,ok,Provided (local copy)
DOC_0043,unodc,United Nations Office on Drugs and Crime (UNODC),Other / governance instrument,Document,UNODC — UNGA:ECOSOC mandate document_2.pdf,/mnt/data/UNODC — UNGA:ECOSOC mandate document_2.pdf,.pdf,286281,5e6031e3154587aaacd13e9c89370cb048e75342f6aa701355359b1a5392918e,data/raw/igo_documents/UNODC — UNGA:ECOSOC mandate document_2.pdf,,,pymupdf_text,11.0,11.0,0.0,1.0,0.0,ok,Provided (local copy)
DOC_0044,unoosa,United Nations Office for Outer Space Affairs (UNOOSA),Other / governance instrument,Document,UNOOSA — UNGA mandate:Secretariat terms.pdf,/mnt/data/UNOOSA — UNGA mandate:Secretariat terms.pdf,.pdf,236121,89013194394a17e1729d8a695c4e4ba7b7841911c1851519800caef226247895,data/raw/igo_documents/UNOOSA — UNGA mandate:Secretariat terms.pdf,,,pymupdf_text,2.0,0.0,2.0,0.0,0.0,low_text_density,Provided (local copy)
DOC_0045,unops,United Nations Office for Project Services (UNOPS),Foundational / legal,Resolution / decision,UNOPS Resolution.pdf,/mnt/data/UNOPS Resolution.pdf,.pdf,2117015,a552e1a39096425e79c1dfd07d36e41b5f1db9ca4d899b4fe51834d96b711ec5,data/raw/igo_documents/UNOPS Resolution.pdf,,,pymupdf_text,29.0,0.0,29.0,0.0,0.0,low_text_density,Provided (local copy)
DOC_0046,unrisd,UN Research Institute for Social Development (UNRISD),Other / governance instrument,Document,UNRISD Secretariat Bulletin.pdf,/mnt/data/UNRISD Secretariat Bulletin.pdf,.pdf,289884,2ab02a13aa4da65c27a80c3b4ddbfefab355bb284ffcb592db3aeaa43b04f078,data/raw/igo_documents/UNRISD Secretariat Bulletin.pdf,,,pymupdf_text,3.0,3.0,0.0,1.0,0.0,ok,Provided (local copy)
DOC_0047,unrisd,UN Research Institute for Social Development (UNRISD),Other / governance instrument,Document,UNRISD.pdf,/mnt/data/UNRISD.pdf,.pdf,1114639,3472be7e9040d7b3a867beb68de353c902243d3c82f3042ef08b7a787a6b2801,data/raw/igo_documents/UNRISD.pdf,,,pymupdf_text,10.0,0.0,10.0,0.0,0.0,low_text_density,Provided (local copy)
DOC_0048,unu,United Nations University (UNU),Foundational / legal,Charter,UNU-Charter-2014.pdf,/mnt/data/UNU-Charter-2014.pdf,.pdf,57407,d290c459eb0a3aaebbcabdddc5aaea68c4d1efe4ab4031c78cd6d3749836602b,data/raw/igo_documents/UNU-Charter-2014.pdf,,,pymupdf_text,12.0,12.0,0.0,1.0,0.0,ok,Provided (local copy)
DOC_0049,unwto,World Tourism Organization/UN Tourism (UNWTO),Foundational / legal,Statute,unwto statute.pdf,/mnt/data/unwto statute.pdf,.pdf,138191,b7a373bd70c446f941847d3c64444882c757f82dd624d902395e7eec035ab033,data/raw/igo_documents/unwto statute.pdf,,,pymupdf_text,35.0,34.0,1.0,0.9714,0.0,ok,Provided (local copy)
DOC_0050,wfp,World Food Programme (WFP),Foundational / legal,Rules / regulations,WFP — General Regulations & Rules  Basic Texts.pdf,/mnt/data/WFP — General Regulations & Rules  Basic Texts.pdf,.pdf,659687,58299e946e08dedf44fd3d88261c29da866acdf27f0da4ec8833e0f08d74a278,data/raw/igo_documents/WFP — General Regulations & Rules  Basic Texts.pdf,,,pymupdf_text,78.0,64.0,14.0,0.8205,0.0,ok,Provided (local copy)
DOC_0051,who,World Health Organization (WHO),Foundational / legal,Constitution,WHO Constitution.pdf,/mnt/data/WHO Constitution.pdf,.pdf,15212426,521f1c1b69ffc10653eb64ce7565acde6ac9b35e9eebd1d91026588b192c469f,data/raw/igo_documents/WHO Constitution.pdf,,,pymupdf_text,146.0,1.0,145.0,0.0068,0.0,low_text_density,Provided (local copy)
DOC_0052,wipo,World Intellectual Property Organisation (WIPO),Foundational / legal,Convention / treaty,WIPO Convention.pdf,/mnt/data/WIPO Convention.pdf,.pdf,83418,3276eb3d44bd456794895870ed3cf73030224957ebb1a82d10443f00e3d46771,data/raw/igo_documents/WIPO Convention.pdf,,,pymupdf_text,11.0,11.0,0.0,1.0,0.0,ok,Provided (local copy)
DOC_0053,wmo,World Meteorological Organization (WMO),Other / governance instrument,Document,WMO Basic Document.pdf,/mnt/data/WMO Basic Document.pdf,.pdf,741297,c628d4e14882cd6c828d40b6d77a2182d3ca693f055b5cf64d1d1c5f93f7e4dd,data/raw/igo_documents/WMO Basic Document.pdf,,,pymupdf_text,205.0,186.0,19.0,0.9073,0.0,ok,Provided (local copy)
DOC_0054,wbg,World Bank Group (WBG),Foundational / legal,Articles of agreement,World Bank (IBRD) — Articles of Agreement (1944).pdf,/mnt/data/World Bank (IBRD) — Articles of Agreement (1944).pdf,.pdf,233191,9d6ebe927d7b006d941006f7a261b09a4475352d9de12f9367e47ae60717b7ee,data/raw/igo_documents/World Bank (IBRD) — Articles of Agreement (1944).pdf,,,pymupdf_text,22.0,22.0,0.0,1.0,0.0,ok,Provided (local copy)
DOC_0055,wbg,World Bank Group (WBG),Foundational / legal,Agreement,World Bank_IBRDArticlesOfAgreementEnglish.pdf,/mnt/data/World Bank_IBRDArticlesOfAgreementEnglish.pdf,.pdf,233191,9d6ebe927d7b006d941006f7a261b09a4475352d9de12f9367e47ae60717b7ee,data/raw/igo_documents/World Bank_IBRDArticlesOfAgreementEnglish.pdf,,,pymupdf_text,22.0,22.0,0.0,1.0,0.0,ok,Provided (local copy)
DOC_0056,wfp,World Food Programme (WFP),Other / governance instrument,Document,World Food Programme.pdf,/mnt/data/World Food Programme.pdf,.pdf,417377,5a6b37893ed500f03f21acccfddab7afbba00ec02f751c062f510d0b9e378b29,data/raw/igo_documents/World Food Programme.pdf,,,pymupdf_text,4.0,4.0,0.0,1.0,0.0,ok,Provided (local copy)
DOC_0057,unwto,World Tourism Organization/UN Tourism (UNWTO),Other / governance instrument,Document,World Tourism Organisation.pdf,/mnt/data/World Tourism Organisation.pdf,.pdf,1435413,1b32cb3e077530743211d68b3299c87aa7898650d3753c79f2e107631d9c5597,data/raw/igo_documents/World Tourism Organisation.pdf,,,pymupdf_text,84.0,84.0,0.0,1.0,0.0,ok,Provided (local copy)
DOC_0058,wto,World Trade Organization (WTO),Foundational / legal,Agreement,WTO — Marrakesh Agreement Establishing the World Trade Organization (1994).pdf,/mnt/data/WTO — Marrakesh Agreement Establishing the World Trade Organization (1994).pdf,.pdf,220379,ff0eeaa8a3bd83f60adb7e7ee567fd750d24e1b27a865af62cc576d875de55fd,data/raw/igo_documents/WTO — Marrakesh Agreement Establishing the World Trade Organization (1994).pdf,,,pymupdf_text,42.0,41.0,1.0,0.9762,0.0,ok,Provided (local copy)
DOC_0059,un_habitat,United Nations Human Settlements Programme (UN-Habitat),Foundational / legal,Establishing mandate / resolution,UN Hbitat renewed mandate.pdf,/mnt/data/UN Hbitat renewed mandate.pdf,.pdf,44522,03122850afb374580d05508dbaa6c736a4b0ded8a67278fb412a82f3515e60f5,data/raw/igo_documents/UN Hbitat renewed mandate.pdf,,,pymupdf_text,5.0,5.0,0.0,1.0,0.0,ok,Provided (local copy)
