attribute_code,attribute_name,derived_from_categories,supporting_constructs,evidence_sources_in_PartII,decision_memo,boundary_notes
YE,Year of establishment / institutional age,Institutional Framework,Institutional change and path dependence,IGO founding year in constitutive instrument or authoritative institutional history.,Included to capture institutional age and historical sequencing effects that shape organisational routines and path dependence.,"Use earliest formal establishment date; if reconstituted, record both original and reconstitution year in notes."
SJ,Spatial jurisdiction / geographic scope,Institutional Framework,Regime complex and fragmentation,"Spatial scope statements in mandate (global, regional, specified areas) and any explicit geographic qualifiers.",Included to distinguish the geographic scope of mandates and to make spatial overlap visible when diagnosing regime complexity.,Code as global unless mandate explicitly limits jurisdiction; record overlapping or nested spatial scopes in notes.
SMJ,Subject-matter jurisdiction / issue remit,Institutional Framework,Regime complex and fragmentation,Mandated issue areas and thematic remit in objectives and programme documents.,Included to separate governance mechanisms from the subject matter governed and to track issue-domain overlap across organisations.,Use controlled issue vocabulary; multi-issue mandates can be multi-coded but should retain primary remit.
SoJ,Source of jurisdiction / legal basis,Institutional Framework,Secretariat authority and influence; Rule of Law; Norms and soft law; Legitimacy,"Constitutive treaty, UN resolution, charter provision, decision of COP/MOP, or other instrument establishing authority.","Included to capture the legal basis and authority source of an organisation, which conditions formal powers and procedural obligations.","Classify by instrument type; when soft-law basis dominates, record the primary enabling decision and its status."
DO,Defined objectives,Governance Mechanisms,Sustainable development and environmental sustainability,"Stated objectives in founding instruments, strategic plans, and core programme documents.",Included to operationalise stated purposes that guide organisational activity and enable cross-IGO comparison of mission orientation.,Extract verbatim objective statements where available; code to controlled objective categories for comparability.
STR,Strategies and operational instruments,Governance Mechanisms; Adaptive Capacity,"Policy integration and coherence; Accountability mechanisms; Transparency; Compliance and enforcement; MRV and evaluation; Conflict Resolution; Effectiveness; Learning, innovation and capacity building; Robustness and resilience","Programme strategies, workplans, monitoring/evaluation systems, compliance tools, capacity-building activities.",Included to capture the main operational tools and governance instruments through which IGOs pursue objectives.,Code only strategies evidenced in authoritative documents; avoid inferring strategies from secondary commentary alone.
IIR,Inter-institutional relationships,Inter-Institutional Relations,Regime complex and fragmentation; Policy integration and coherence; Inter-agency coordination; Global Cooperation; Intermediaries; Secretariat authority and influence,"MoUs, joint programmes, coordination mechanisms, referencing of other organisations in mandates, intermediary arrangements.","Included to represent formal and informal relationships with other IGOs and institutions, including delegated or orchestrated arrangements.","Record relationship type (coordination, delegation, orchestration, partnership) and directionality when stated."
VC,Vertical coordination,Stakeholder Engagement; Inter-Institutional Relations,"Participation, engagement and representation; Equity and intergenerational equity","Reporting obligations, national focal point arrangements, capacity-building channels, stakeholder consultation modalities.","Included to capture mechanisms linking global institutions to national and subnational actors and vertical flows of authority, reporting, or support.","Code vertical links only when they are institutionalised (procedural rules, mandatory reporting, formal liaison structures)."
HC,Horizontal coordination,Stakeholder Engagement; Inter-Institutional Relations,Regime complex and fragmentation; Policy integration and coherence; Inter-agency coordination; Global Cooperation; Partnerships and public–private arrangements,"Inter-agency coordination bodies, joint workstreams, partnerships, network participation, cross-institutional harmonisation.","Included to capture lateral coordination among peers in regime complexes, including cross-issue and cross-sector organisational coupling.",Differentiate horizontal coordination from vertical links; code only documented relationships or institutionalised coordination.
