theme_raw,concept_56
Accountability,Accountability mechanisms
Accountability mechanisms,Accountability mechanisms
Adaptive Governance,Adaptive Governance
Authority,Authority
Board design,Board design
Business participation,Business participation
Capacity Building,Capacity Building
Collaboration,Inter-agency coordination
Compliance,Compliance
Conflict Resolution,Conflict Resolution
Coordination,Inter-agency coordination
Data Driven Governance,Data-driven governance and indicators
Data and indicators,Data-driven governance and indicators
Delegation,Delegation
Effectiveness,Effectiveness
Enforcement,Enforcement
Environmental Sustainability,Environmental Sustainability
Epistemic communities,Epistemic communities and expert networks
Equity,Equity and intergenerational equity
Ethical Governance,Ethical Governance
Expert networks,Epistemic communities and expert networks
Fit and interplay,Institutional fit and interplay
Fragmentation,Regime complex and fragmentation
Global Cooperation,Global Cooperation
Hard law,Hard law
Inclusiveness,Inclusiveness
Innovation,Innovation
Institutional change,Institutional change and path dependence
Institutional complexity,Institutional complexity
Institutional interplay,Institutional fit and interplay
Institutional proliferation,Institutional proliferation
Inter-agency coordination,Inter-agency coordination
Intergenerational Equity,Equity and intergenerational equity
Intermediaries,Intermediaries
Learning,Learning
Legalisation,Legalisation
Legitimacy,Legitimacy
Legitimacy crisis,Legitimacy
Legitimation,Legitimacy
Mainstreaming,Policy integration and coherence
Monitoring,"Monitoring, reporting and verification"
Monitoring and Evaluation,Monitoring and Evaluation
NGO participation,NGO participation
Network governance,Network governance
Non-state actor participation,Non-state actor participation
Norms,Norms
North–South dynamics,Power and North–South dynamics
Orchestration,Orchestration
Overlapping mandates,Overlapping mandates
Oversight,Accountability mechanisms
Participation,Participation and stakeholder engagement
Partnerships,Partnerships and public–private arrangements
Path dependency,Institutional change and path dependence
Performance measurement,Performance measurement
Policy Integration,Policy integration and coherence
Policy coherence,Policy integration and coherence
Polycentric governance,Polycentric governance
Power Dynamics,Power and North–South dynamics
Private sector engagement,Non-state actor participation
Public Trust,Public Trust
Public–private partnerships,Partnerships and public–private arrangements
Regime complex,Regime complex and fragmentation
Reporting,"Monitoring, reporting and verification"
Representation,Representation
Resilience,Resilience
Robustness,Robustness
Rule of Law,Rule of Law
SDGs,Sustainable development and SDGs
Soft law,Soft law
Stakeholder engagement,Participation and stakeholder engagement
Standard-setting,Standard-setting
Sustainable development,Sustainable development and SDGs
Transparency,Transparency
Transparency and access to information,Transparency
Transparency mechanisms,Transparency
Treaty secretariats,Treaty secretariats
Trust funds,Voluntary contributions and trust funds
UN system reform,UN system reform
Verification,"Monitoring, reporting and verification"
Voluntary contributions,Voluntary contributions and trust funds
