filename,meta_title,meta_author,title_guess,author_guess,doi_guess,doc_id,is_pilot,title_for_citation,authors_for_citation,doi_for_citation,title_clean,title_guess_ok,citation_note
 Environment- The Path of Global Environmental Governance – Form and Function in Historical Perspective.pdf,,,A Foundation for the Future,,,1074886df7,True,Environment- The Path of Global Environmental Governance – Form and Function in Historical Perspective,,,Environment- The Path of Global Environmental Governance – Form and Function in Historical Perspective,True,Title derived from file name; DOI extracted heuristically from first 2 pages where detectable (manual verification recommended).
 INTERGOVERNMENTAL ORGANIZATIONS (IGOS) AND THEIR ROLES AND ACTIVITIES IN SECURITY ECONOMY HEALTH AND ENVIRONMENT_Eref.pdf,,,The Journal of International Social Research,INTERGOVERNMENTAL ORGANIZATIONS (IGOS) AND THEIR ROLES AND ACTIVITIES IN,,74debaead2,True,INTERGOVERNMENTAL ORGANIZATIONS (IGOS) AND THEIR ROLES AND ACTIVITIES IN SECURITY ECONOMY HEALTH AND ENVIRONMENT Eref,,,INTERGOVERNMENTAL ORGANIZATIONS (IGOS) AND THEIR ROLES AND ACTIVITIES IN SECURITY ECONOMY HEALTH AND ENVIRONMENT Eref,True,Title derived from file name; DOI extracted heuristically from first 2 pages where detectable (manual verification recommended).
 International Organizations and the Global Environment_Hannes;Stephan & Zelli - 2007.pdf,Stephan & Zelli - IO-Chapter,Fariborz Zelli,International Organizations and the Global Environment,"Stephan, Hannes; Zelli, Fariborz",,e19923cb3f,True,International Organizations and the Global Environment Hannes;Stephan & Zelli - 2007,,,International Organizations and the Global Environment Hannes;Stephan & Zelli - 2007,True,Title derived from file name; DOI extracted heuristically from first 2 pages where detectable (manual verification recommended).
A Changing United Nations_Multilateral Evolution and the Quest for Global Governance.pdf,"In the Web of Politics: Three Decades of the U.S. Federal Executive. By Joel D. Aberbach and Bert A. Rockman. Washington, DC: Brookings Institution Press, 2000. 230p. $42.95 cloth, $17.95 paper.",Karen M. Hult,It is unusual to see such sophisticated conceptual and theoretical work in combination with detailed case studies. It is,editors and contributors appear to have worked so closely,10.1017/S000305540040081X,1f3f5e0540,True,A Changing United Nations Multilateral Evolution and the Quest for Global Governance,,10.1017/S000305540040081X,A Changing United Nations Multilateral Evolution and the Quest for Global Governance,False,Title derived from file name; DOI extracted heuristically from first 2 pages where detectable (manual verification recommended).
A World Environment Organization_Solution.pdf,A World Environment Organization: Solution or Threat for Effective International Environmental Governance by Frank Biermann and Steffen Bauer,,© 2006 The Authors. Journal compilation © 2006 Blackwell Publishing Ltd.,"Rather, such decisions, when made",10.1111/j.1467-9388.2006.516_3.x,fbf4c343ac,True,A World Environment Organization Solution,,10.1111/j.1467-9388.2006.516_3.x,A World Environment Organization Solution,False,Title derived from file name; DOI extracted heuristically from first 2 pages where detectable (manual verification recommended).
A typology of board design for highly effective monitoring in intergovernmental_Federo.pdf,A typology of board design for highly effective monitoring in intergovernmental organizations under the United Nations system,,A typology of board design for highly effective monitoring,"Department of Strategy and General Management, ESADE Business School, Ramon Llull University, Barcelona, Spain",10.1111/rego.12216,3ba13acb18,True,A typology of board design for highly effective monitoring in intergovernmental Federo,,10.1111/rego.12216,A typology of board design for highly effective monitoring in intergovernmental Federo,True,Title derived from file name; DOI extracted heuristically from first 2 pages where detectable (manual verification recommended).
Accountability in International Governance and the 2030 Development Agenda.pdf,Accountability in International Governance and the 2030 Development Agenda,,Accountability in International Governance and,Columbia University and United Nations – Committee for Development Policy,10.1111/1758-5899.12322,4ab5160440,True,Accountability in International Governance and the 2030 Development Agenda,,10.1111/1758-5899.12322,Accountability in International Governance and the 2030 Development Agenda,True,Title derived from file name; DOI extracted heuristically from first 2 pages where detectable (manual verification recommended).
An Unfinished Foundation_The United Nations and Global Environmental Governance_Ken Conca.pdf,S1537592716003406 1183..1279,,have been considered largely irrelevant in the discipline of,"units.” Among the four cases examined, the contemporary",10.1017/S1537592716003923,770906bcde,True,An Unfinished Foundation The United Nations and Global Environmental Governance Ken Conca,,10.1017/S1537592716003923,An Unfinished Foundation The United Nations and Global Environmental Governance Ken Conca,True,Title derived from file name; DOI extracted heuristically from first 2 pages where detectable (manual verification recommended).
Assessing the effectiveness of intergovernmental organisations in international environmental politics.pdf,doi:10.1016/S0959-3780(03)00025-6,,Global Environmental Change 14 (2004) 189–193,,10.1016/S0959-3780(03)00024-4,17e1abee71,True,Assessing the effectiveness of intergovernmental organisations in international environmental politics,,10.1016/S0959-3780(03)00024-4,Assessing the effectiveness of intergovernmental organisations in international environmental politics,True,Title derived from file name; DOI extracted heuristically from first 2 pages where detectable (manual verification recommended).
Autonomous Institutional Arrangements in Multilateral Environmental Agreements_ A Little-Noticed Phenomenon in International Law.pdf,Autonomous Institutional Arrangements in Multilateral Environmental Agreements: A Little-Noticed Phenomenon in International Law,,Autonomous Institutional Arrangements in Multilateral Environmental Agreements: A,Author(s): Robin R. Churchill and  Geir Ulfstein,,c3b435475a,True,Autonomous Institutional Arrangements in Multilateral Environmental Agreements A Little-Noticed Phenomenon in International Law,,,Autonomous Institutional Arrangements in Multilateral Environmental Agreements A Little-Noticed Phenomenon in International Law,True,Title derived from file name; DOI extracted heuristically from first 2 pages where detectable (manual verification recommended).
Befogged vision- International environmental governance a decade after Rio.pdf,Befogged Vision: International Environmental Governance a Decade After Rio,Nicholas A. Robinson,William & Mary Environmental Law and Policy Review,William & Mary Environmental Law and Policy Review,,5a0e8b2ef8,True,Befogged vision- International environmental governance a decade after Rio,,,Befogged vision- International environmental governance a decade after Rio,True,Title derived from file name; DOI extracted heuristically from first 2 pages where detectable (manual verification recommended).
Critical Choices_The United Nations_Networks and the Future of Global Governance.pdf,0889369216.pdf,,,,,1adce88825,True,Critical Choices The United Nations Networks and the Future of Global Governance,,,Critical Choices The United Nations Networks and the Future of Global Governance,False,Title derived from file name; DOI extracted heuristically from first 2 pages where detectable (manual verification recommended).
Does bureaucracy really matter&#x3f; The authority of intergovernmental treaty secretariats in global environmental politics.pdf,,,"Time and again, politicians and practitioners debate organizational reform in",analyses the activities of international organizations and their effects in world,,030790bead,True,Does bureaucracy really matter&#x3f; The authority of intergovernmental treaty secretariats in global environmental politics,,,Does bureaucracy really matter&#x3f; The authority of intergovernmental treaty secretariats in global environmental politics,True,Title derived from file name; DOI extracted heuristically from first 2 pages where detectable (manual verification recommended).
Engaging the Public and the Private in Global Sustainability Governance.pdf,Microsoft Word - Abbott CH-IA paper 11-11.docx,Kenneth Abbott,"See discussions, stats, and author profiles for this publication at: https://www.researchgate.net/publication/228149327",Engaging the Public and the Private in Global Sustainability Governance,10.2139/ssrn.1966730,f24c9f0e60,True,Engaging the Public and the Private in Global Sustainability Governance,,10.2139/ssrn.1966730,Engaging the Public and the Private in Global Sustainability Governance,True,Title derived from file name; DOI extracted heuristically from first 2 pages where detectable (manual verification recommended).
Environmental policy integration and the architecture of global environmental governance.pdf,,,Environmental policy integration and the architecture,,10.1007/s10784-009-9111-0,5d0ad44762,True,Environmental policy integration and the architecture of global environmental governance,,10.1007/s10784-009-9111-0,Environmental policy integration and the architecture of global environmental governance,True,Title derived from file name; DOI extracted heuristically from first 2 pages where detectable (manual verification recommended).
Epistemic Communities_Constructivism_and International Environmental Politics.pdf,"EPISTEMIC COMMUNITIES, CONSTRUCTIVISM, AND INTERNATIONAL ENVIRONMENTAL POLITICS",Peter M. Haas,"Downloaded by [University of California, San Diego] at 23:44 01 May 2017","Epistemic Communities, Constructivism, and International Environmental Politics brings",,993ffa6724,True,Epistemic Communities Constructivism and International Environmental Politics,,,Epistemic Communities Constructivism and International Environmental Politics,True,Title derived from file name; DOI extracted heuristically from first 2 pages where detectable (manual verification recommended).
From norms to programs_The United Nations Global Compact and global governance_ Berliner2012.pdf,From norms to programs: The United Nations Global Compact and global governance,,From norms to programs: The United,Nations Global Compact and global,10.1111/j.1748-5991.2012.01130.x,04d0f880f8,True,From norms to programs The United Nations Global Compact and global governance Berliner2012,,10.1111/j.1748-5991.2012.01130.x,From norms to programs The United Nations Global Compact and global governance Berliner2012,True,Title derived from file name; DOI extracted heuristically from first 2 pages where detectable (manual verification recommended).
Global Environmenetal Institutions.pdf,Global Environmental Institutions,Elizabeth R. DeSombre,"Global warming, the ozone hole, toxic chemicals, endangered species – such",,,86872ebe75,True,Global Environmenetal Institutions,,,Global Environmenetal Institutions,True,Title derived from file name; DOI extracted heuristically from first 2 pages where detectable (manual verification recommended).
Global Environmental Commons_Analytical and Political Challenges in Building Governance Mechanisms.pdf,"Global Environmental Commons: Analytical and Political Challenges in Building Governance Mechanisms, edited by Eric Brousseau, Tom Dedeurwaerdere, Pierre‐André Jouvet, and Marc Willinger. 2012. New York: Oxford University Press. 435 + xxiii. ISBN 978‐0‐19‐965620‐2, $110.",,"The Oxford Handbook of Urban Economics and Planning, edited by Nancy","Brooks, Kieran Donaghy, and Gerrit-Jan Knaap. Review by Roger Bolton . . . . . . . .",10.1111/jors.12036,41bbf9a06b,False,Global Environmental Commons Analytical and Political Challenges in Building Governance Mechanisms,,10.1111/jors.12036,Global Environmental Commons Analytical and Political Challenges in Building Governance Mechanisms,True,Title derived from file name; DOI extracted heuristically from first 2 pages where detectable (manual verification recommended).
Global Environmental Degradation and International Organizations.pdf,Global Environmental Degradation and International Organizations,,Global Environmental Degradation and International Organizations,", Jul., 1990, Vol. 11, No. 3, Global Policy Studies/L'analyse des politiques mondiales",,d1f77d7e18,False,Global Environmental Degradation and International Organizations,,,Global Environmental Degradation and International Organizations,True,Title derived from file name; DOI extracted heuristically from first 2 pages where detectable (manual verification recommended).
Global Environmental Governance_Taking stock_Moving Forward_Biermann_Pattberg2008.pdf,"Global Environmental Governance: Taking Stock, Moving Forward",Frank Biermann and Philipp Pattberg,"See discussions, stats, and author profiles for this publication at: https://www.researchgate.net/publication/228203186","Global Environmental Governance: Taking Stock, Moving Forward",10.1146/annurev.environ.33.050707.085733,b9022f6f22,False,Global Environmental Governance Taking stock Moving Forward Biermann Pattberg2008,,10.1146/annurev.environ.33.050707.085733,Global Environmental Governance Taking stock Moving Forward Biermann Pattberg2008,True,Title derived from file name; DOI extracted heuristically from first 2 pages where detectable (manual verification recommended).
Global Networks and International Environmental Lawmaking_ A Disc.pdf,Global Networks and International Environmental Lawmaking: A Discourse Approach,Asher Alkoby,Chicago Journal of International Law,,,843b5cf07f,False,Global Networks and International Environmental Lawmaking A Disc,,,Global Networks and International Environmental Lawmaking A Disc,True,Title derived from file name; DOI extracted heuristically from first 2 pages where detectable (manual verification recommended).
Global adaptation governance_how intergovernmental organizations mainstream climate change adaptation.pdf,Global adaptation governance: how intergovernmental organizations mainstream climate change adaptati,,ISSN: (Print) (Online) Journal homepage: www.tandfonline.com/journals/tcpo20,,10.1080/14693062.2021.1927661,0bcd315a6f,True,Global adaptation governance how intergovernmental organizations mainstream climate change adaptation,,10.1080/14693062.2021.1927661,Global adaptation governance how intergovernmental organizations mainstream climate change adaptation,True,Title derived from file name; DOI extracted heuristically from first 2 pages where detectable (manual verification recommended).
Global environmental governance and the accountability trap.pdf,gle2104r 154..160,,"Park, Susan, and Teresa Kramarz, editors. 2019. Global Environmental Governance and the","Accountability Trap. Cambridge, MA: The MIT Press.",,8082df6e36,False,Global environmental governance and the accountability trap,,,Global environmental governance and the accountability trap,True,Title derived from file name; DOI extracted heuristically from first 2 pages where detectable (manual verification recommended).
Global governance and the environment.pdf,,,"Michele M. Betsill, Kathryn Hochstetler",,,351265da1d,False,Global governance and the environment,,,Global governance and the environment,True,Title derived from file name; DOI extracted heuristically from first 2 pages where detectable (manual verification recommended).
Global governance as international organization.pdf,,,palgrave advances in global governance,,,e1a09b05cf,False,Global governance as international organization,,,Global governance as international organization,True,Title derived from file name; DOI extracted heuristically from first 2 pages where detectable (manual verification recommended).
"Globalization_ environmental movements, and international political opportunity structures.pdf","GLOBALIZATION, ENVIRONMENTAL MOVEMENTS, AND INTERNATIONAL POLITICAL OPPORTUNITY STRUCTURES",,"GLOBALIZATION, ENVIRONMENTAL MOVEMENTS, AND INTERNATIONAL POLITICAL","Source: Organization & Environment , March 2006, Vol. 19, No. 1 (March 2006), pp. 28-45",10.1177/1086026605285452,eb2433c731,False,"Globalization environmental movements, and international political opportunity structures",,10.1177/1086026605285452,"Globalization environmental movements, and international political opportunity structures",True,Title derived from file name; DOI extracted heuristically from first 2 pages where detectable (manual verification recommended).
Greening the United Nations charter_World politics in the anthropocene.pdf,Greening the United Nations Charter. World Politics in the Anthropocene,Frank Biermann,World Politics in the Anthropocene,"This paper can be cited as: Biermann, Frank. 2012. Greening the United Nations",,173fe6145a,False,Greening the United Nations charter World politics in the anthropocene,,,Greening the United Nations charter World politics in the anthropocene,True,Title derived from file name; DOI extracted heuristically from first 2 pages where detectable (manual verification recommended).
Institutions for the earth_ sources of effective international environmental protection.pdf,Institutions for the Earth.,,"See discussions, stats, and author profiles for this publication at: https://www.researchgate.net/publication/233089760",Article  in  Environment: Science and Policy For Sustainable Development · May 1992,10.1080/00139157.1992.9932558,827ab90f74,False,Institutions for the earth sources of effective international environmental protection,,10.1080/00139157.1992.9932558,Institutions for the earth sources of effective international environmental protection,True,Title derived from file name; DOI extracted heuristically from first 2 pages where detectable (manual verification recommended).
International Organizations- The Politics and Processes of Global Governance.pdf,,,"1800 30th Street, Suite 314","Boulder, CO  80301  USA",,dfb6e3c19e,False,International Organizations- The Politics and Processes of Global Governance,,,International Organizations- The Politics and Processes of Global Governance,True,Title derived from file name; DOI extracted heuristically from first 2 pages where detectable (manual verification recommended).
International organizations_perspectives on global governance.pdf,,,"Drawing on mainstream and critical theoretical approaches, International",organizations in world politics. This text details the types and activities of,,986c49524e,False,International organizations perspectives on global governance,,,International organizations perspectives on global governance,True,Title derived from file name; DOI extracted heuristically from first 2 pages where detectable (manual verification recommended).
International regulation without international government- Improving IO performance through orchestration_Abott&Snidar.pdf,,,Kenneth W. Abbott & Duncan Snidal,"# Springer Science+Business Media, LLC 2010",10.1007/s11558-010-9092-3,cfbb3fc78b,False,International regulation without international government- Improving IO performance through orchestration Abott&Snidar,,10.1007/s11558-010-9092-3,International regulation without international government- Improving IO performance through orchestration Abott&Snidar,True,Title derived from file name; DOI extracted heuristically from first 2 pages where detectable (manual verification recommended).
Learning in International Organizations in Global Environmental Governance_Bernd Siebenhüne.pdf,untitled,,Learning in International Organizations in Global Environmental Governance,,,1e86f5070e,False,Learning in International Organizations in Global Environmental Governance Bernd Siebenhüne,,,Learning in International Organizations in Global Environmental Governance Bernd Siebenhüne,True,Title derived from file name; DOI extracted heuristically from first 2 pages where detectable (manual verification recommended).
Moving forward by looking back_Learning from UNEP’s history.pdf,book_complete_2.pdf,User,MOVING FORWARD BY LOOKING BACK:,"With a growing recognition that global problems demand global solutions,",,9593995746,False,Moving forward by looking back Learning from UNEP’s history,,,Moving forward by looking back Learning from UNEP’s history,True,Title derived from file name; DOI extracted heuristically from first 2 pages where detectable (manual verification recommended).
Network Governance for Collective Action in Implementing United Nations Sustainable Development Goals.pdf,Network Governance for Collective Action in Implementing United Nations Sustainable Development Goals,Naim Kapucu and Sean Beaudet,Network Governance for Collective Action in,"Naim Kapucu 1,*",10.3390/admsci10040100,64393b43a1,False,Network Governance for Collective Action in Implementing United Nations Sustainable Development Goals,,10.3390/admsci10040100,Network Governance for Collective Action in Implementing United Nations Sustainable Development Goals,True,Title derived from file name; DOI extracted heuristically from first 2 pages where detectable (manual verification recommended).
New Alliances in Global Environmental Governance_ Hw intergovernmental treaty secretariat interact.pdf,,,Int Environ Agreements (2020) 20:459–481,,10.1007/s10784-020-09493-5,ceb0791c57,False,New Alliances in Global Environmental Governance Hw intergovernmental treaty secretariat interact,,10.1007/s10784-020-09493-5,New Alliances in Global Environmental Governance Hw intergovernmental treaty secretariat interact,True,Title derived from file name; DOI extracted heuristically from first 2 pages where detectable (manual verification recommended).
New coalitions for global governance- the changing dynamics of multilateralism.pdf,New Coalitions for Global Governance: The Changing Dynamics of Multilateralism,,New Coalitions for Global Governance: The Changing Dynamics of Multilateralism,Author(s): Shepard Forman and Derk Segaar,,23cb5ae15c,False,New coalitions for global governance- the changing dynamics of multilateralism,,,New coalitions for global governance- the changing dynamics of multilateralism,True,Title derived from file name; DOI extracted heuristically from first 2 pages where detectable (manual verification recommended).
On transnational actor participation in global environmental governance.pdf,printed_by_G5_2013.indd,gramcw,T R A N S N A T I O N A L,,,8602f9290a,False,On transnational actor participation in global environmental governance,,,On transnational actor participation in global environmental governance,True,Title derived from file name; DOI extracted heuristically from first 2 pages where detectable (manual verification recommended).
Orchestration_Global governance through intermediaries.pdf,Microsoft Word - Framework paper 8-6-12.docx,Kenneth Abbott,Electronic copy available at: http://ssrn.com/abstract=2125452,"Kenneth W. Abbott, Arizona State University",,3894bde398,False,Orchestration Global governance through intermediaries,,,Orchestration Global governance through intermediaries,False,Title derived from file name; DOI extracted heuristically from first 2 pages where detectable (manual verification recommended).
Organizational Progeny. Why Governments are Losing Control over the Proliferating Structures of Global Governance.pdf,,,Tana Johnson. Organizational Progeny. Why Governments are Losing Control,"University Press, 2014. Pp. 284. £25. ISBN: 9780198717799.",,e3f685463c,False,Organizational Progeny. Why Governments are Losing Control over the Proliferating Structures of Global Governance,,,Organizational Progeny. Why Governments are Losing Control over the Proliferating Structures of Global Governance,True,Title derived from file name; DOI extracted heuristically from first 2 pages where detectable (manual verification recommended).
Pluralising global governance  Analytical approaches and dimensions.pdf,Pluralising global governance: Analytical approaches and dimensions,,ISSN: 0143-6597 (Print) 1360-2241 (Online) Journal homepage: www.tandfonline.com/journals/ctwq20,approaches and dimensions,10.1080/01436599550035951,036da53213,False,Pluralising global governance Analytical approaches and dimensions,,10.1080/01436599550035951,Pluralising global governance Analytical approaches and dimensions,True,Title derived from file name; DOI extracted heuristically from first 2 pages where detectable (manual verification recommended).
Post-Treaty Politics_Secretariat Influence in Global Environmental Governance.pdf,9467_000.indd,elinor,"See discussions, stats, and author profiles for this publication at: https://www.researchgate.net/publication/264481244",,10.7551/mitpress/9780262028042.001.0001,0359770c14,False,Post-Treaty Politics Secretariat Influence in Global Environmental Governance,,10.7551/mitpress/9780262028042.001.0001,Post-Treaty Politics Secretariat Influence in Global Environmental Governance,True,Title derived from file name; DOI extracted heuristically from first 2 pages where detectable (manual verification recommended).
REFORMING GLOBAL ENVIRONMENTAL GOVERNANCE- FROM UNEP TOWARDS A WORLD ENVIRONMENT ORGANIZATION_Biermann.pdf,book_complete_2.pdf,User,FROM UNEP TOWARDS A WORLD ENVIRONMENT ORGANIZATION,,,173edd6860,False,REFORMING GLOBAL ENVIRONMENTAL GOVERNANCE- FROM UNEP TOWARDS A WORLD ENVIRONMENT ORGANIZATION Biermann,,,REFORMING GLOBAL ENVIRONMENTAL GOVERNANCE- FROM UNEP TOWARDS A WORLD ENVIRONMENT ORGANIZATION Biermann,True,Title derived from file name; DOI extracted heuristically from first 2 pages where detectable (manual verification recommended).
Relations Between International Organisations_.pdf,someTitle,someAuthor,"R. Biermann, J.A. Koops (eds.), Palgrave Handbook of Inter-Organizational","Relations in World Politics, DOI 10.1057/978-1-137-36039-7_31",10.1057/978-1-137-36039-7_31,7a8a846a0e,False,Relations Between International Organisations,,10.1057/978-1-137-36039-7_31,Relations Between International Organisations,True,Title derived from file name; DOI extracted heuristically from first 2 pages where detectable (manual verification recommended).
Rethinking international environmental regimes_what role for partnership coalitions.pdf,Contents,Ioana Bala,What Role for Partnership Coalitions?,,,107a051e71,False,Rethinking international environmental regimes what role for partnership coalitions,,,Rethinking international environmental regimes what role for partnership coalitions,True,Title derived from file name; DOI extracted heuristically from first 2 pages where detectable (manual verification recommended).
Taking responsive regulation transnational_Strategies for international organizations.pdf,Taking responsive regulation transnational: Strategies for international organizations,,"College of Law, Arizona State University, Tempe, AZ, USA","Nufﬁeld College, University of Oxford, Oxford, UK",10.1111/j.1748-5991.2012.01167.x,3c5f5bae52,False,Taking responsive regulation transnational Strategies for international organizations,,10.1111/j.1748-5991.2012.01167.x,Taking responsive regulation transnational Strategies for international organizations,True,Title derived from file name; DOI extracted heuristically from first 2 pages where detectable (manual verification recommended).
The Emergent &#x22;System&#x22; of Global Environmental Governance.pdf,988-GLEP4-4.vp,joed,"See discussions, stats, and author profiles for this publication at: https://www.researchgate.net/publication/24089848",,10.1162/glep.2004.4.4.23,633441fa5c,False,The Emergent &#x22;System&#x22; of Global Environmental Governance,,10.1162/glep.2004.4.4.23,The Emergent &#x22;System&#x22; of Global Environmental Governance,True,Title derived from file name; DOI extracted heuristically from first 2 pages where detectable (manual verification recommended).
The New United Nations_International Organization in the Twenty-First Century.pdf,,,"With a fresh look at challenges to the UN in Syria, Iran, Russia, and elsewhere, the second edition of","this successful text highlights new international trends toward global governance, holistic democracy and",,8778ba9e5b,False,The New United Nations International Organization in the Twenty-First Century,,,The New United Nations International Organization in the Twenty-First Century,True,Title derived from file name; DOI extracted heuristically from first 2 pages where detectable (manual verification recommended).
The Politics of International Environmental Management.pdf,,,THE POLITICS OF INTERNATIONAL ENVIRONMENTAL MANAGEMENT,"This series arises from the work of the ESF Scientific Programme on Environment, Science",,e11d4d2c26,False,The Politics of International Environmental Management,,,The Politics of International Environmental Management,True,Title derived from file name; DOI extracted heuristically from first 2 pages where detectable (manual verification recommended).
The Quest for a United Nations Specialised Agency for the Environment.pdf,The Quest for a United Nations Specialised Agency for the Environment,,The Commonwealth Journal of International Aﬀairs,,10.1080/00358533.2012.661528,098b9c5a90,False,The Quest for a United Nations Specialised Agency for the Environment,,10.1080/00358533.2012.661528,The Quest for a United Nations Specialised Agency for the Environment,True,Title derived from file name; DOI extracted heuristically from first 2 pages where detectable (manual verification recommended).
The United Nations Framework Convention on Climate Change Secretariat as an orchestrator in global climate policymaking.pdf,The United Nations Framework Convention on Climate Change Secretariat as an orchestrator in global climate policymaking,"Thomas Hickmann, Oscar Widerberg, Markus Lederer, and Philipp Pattberg",The United Nations Framework Convention on Climate Change Secretariat as an,"Hickmann, T.; Widerberg, O.E.; Lederer, Markus; Pattberg, P.H.",10.1177/0020852319840425,c05f5a190c,False,The United Nations Framework Convention on Climate Change Secretariat as an orchestrator in global climate policymaking,,10.1177/0020852319840425,The United Nations Framework Convention on Climate Change Secretariat as an orchestrator in global climate policymaking,True,Title derived from file name; DOI extracted heuristically from first 2 pages where detectable (manual verification recommended).
The United Nations and Business_Towards New Modes of Global Governance&#x3f;.pdf,The United Nations and Business: Towards New Modes of Global Governance?,,The place of business in the United Nations has,"always been somewhat ambiguous. To be sure, the",10.1111/1759-5436.12143,983b9a8cab,False,The United Nations and Business Towards New Modes of Global Governance&#x3f;,,10.1111/1759-5436.12143,The United Nations and Business Towards New Modes of Global Governance&#x3f;,True,Title derived from file name; DOI extracted heuristically from first 2 pages where detectable (manual verification recommended).
The United Nations and Global Environmental Governance_Rajeesh Kumar2020.pdf,The United Nations and Global Environmental Governance,Rajeesh Kumar,ISSN: (Print) (Online) Journal homepage: www.tandfonline.com/journals/rsan20,The United Nations and Global Environmental,10.1080/09700161.2020.1824462,df399f5d19,False,The United Nations and Global Environmental Governance Rajeesh Kumar2020,,10.1080/09700161.2020.1824462,The United Nations and Global Environmental Governance Rajeesh Kumar2020,True,Title derived from file name; DOI extracted heuristically from first 2 pages where detectable (manual verification recommended).
The United Nations in the 21st Century.pdf,Document,,"Reviewed Work(s): THE UNITED NATIONS IN THE 21ST CENTURY, FOURTH EDITION by",Karen A. Mingst and Margaret P. Karns,,74d3059c72,False,The United Nations in the 21st Century,,,The United Nations in the 21st Century,True,Title derived from file name; DOI extracted heuristically from first 2 pages where detectable (manual verification recommended).
The accountability of international organizations.pdf,Microsoft Word - IO_Acct_Burall_05012005.doc,Jan Martin Witte,,,,8aee1f46c6,False,The accountability of international organizations,,,The accountability of international organizations,False,Title derived from file name; DOI extracted heuristically from first 2 pages where detectable (manual verification recommended).
The complexification of the United Nations system.pdf,128401.pdf,,The Complexification of the United Nations,Simple and Complex Subsidiary Organs and Quasi-Autonomous Bodies,,f4fb5be742,False,The complexification of the United Nations system,,,The complexification of the United Nations system,True,Title derived from file name; DOI extracted heuristically from first 2 pages where detectable (manual verification recommended).
The global governance of international development- Documenting the rise of multi-stakeholder partnerships and identifying underlying theoretical explanations.pdf,,Bernhard Reinsberg,"Reinsberg, B. and Westerwinter, O. (2019) The global governance of international",development: documenting the rise of multi-stakeholder partnerships and identifying,10.1007/s11558-019-09362-0,ac0b06b334,False,The global governance of international development- Documenting the rise of multi-stakeholder partnerships and identifying underlying theoretical explanations,,10.1007/s11558-019-09362-0,The global governance of international development- Documenting the rise of multi-stakeholder partnerships and identifying underlying theoretical explanations,True,Title derived from file name; DOI extracted heuristically from first 2 pages where detectable (manual verification recommended).
The globalisation of environmental law- the role of the United Nations.pdf,imageREAL Capture,imageREAL Capture,THE GLOBALISATION OF ENVIRONMENTAL LAW:,"twenty years, focussing on the moves towards recognition ofthe connection between environmental",,34ae127a5b,False,The globalisation of environmental law- the role of the United Nations,,,The globalisation of environmental law- the role of the United Nations,True,Title derived from file name; DOI extracted heuristically from first 2 pages where detectable (manual verification recommended).
The impact of the Sustainable Development Goals on a network of 276 international organizations.pdf,The impact of the Sustainable Development Goals on a network of 276 international organizations,Maya Bogers,Global Environmental Change 76 (2022) 102567,"Maya Bogers a,*, Frank Biermann a, Agni Kalfagianni a, Rakhyun E. Kim a, Jelle Treep b,",10.1016/j.gloenvcha.2022.102567,aa2793216a,False,The impact of the Sustainable Development Goals on a network of 276 international organizations,,10.1016/j.gloenvcha.2022.102567,The impact of the Sustainable Development Goals on a network of 276 international organizations,True,Title derived from file name; DOI extracted heuristically from first 2 pages where detectable (manual verification recommended).
The institutional design of funding rules at inernational organisations_Explaining the transformation in financing the UN.pdf,The institutional design of funding rules at international organizations: Explaining the transformation in financing the United Nations,,What explains the design and development of funding rules at international,"organizations? I investigate this question in the context of the United Nations system,",10.1177/1354066116648755,ec74c59152,False,The institutional design of funding rules at inernational organisations Explaining the transformation in financing the UN,,10.1177/1354066116648755,The institutional design of funding rules at inernational organisations Explaining the transformation in financing the UN,True,Title derived from file name; DOI extracted heuristically from first 2 pages where detectable (manual verification recommended).
The two faces of the United Nations- The tension between intergovernmentalism and transnationalism_Bruce  .pdf,The Two Faces of the United Nations: The Tension Between Intergovernmentalism and Transnationalism,,The Two Faces of the United Nations: The Tension Between Intergovernmentalism and,"Source: Global Governance , Jan.–Mar. 2002, Vol. 8, No. 1 (Jan.–Mar. 2002), pp. 53-71",,cdf4e3d28d,False,The two faces of the United Nations- The tension between intergovernmentalism and transnationalism Bruce,,,The two faces of the United Nations- The tension between intergovernmentalism and transnationalism Bruce,True,Title derived from file name; DOI extracted heuristically from first 2 pages where detectable (manual verification recommended).
Theorising Global Environmental Governance_ Key Findings and Future Questions.pdf,Theorising Global Environmental Governance: Key Findings and Future Questions,Philipp Pattberg and Oscar Widerberg,"Institute for Environmental Studies, VU University Amsterdam, The Netherlands","Institute for Environmental Studies, VU University Amsterdam, The Netherlands",10.1177/0305829814561773,5ac0de18b9,False,Theorising Global Environmental Governance Key Findings and Future Questions,,10.1177/0305829814561773,Theorising Global Environmental Governance Key Findings and Future Questions,True,Title derived from file name; DOI extracted heuristically from first 2 pages where detectable (manual verification recommended).
Towards Institutional Symbiosis_Business_Maria Ivanova.pdf,Towards Institutional Symbiosis: Business and the United Nations in Environmental Governance,Zhou Hongyan,RECIEL 16 (2) 2007. ISSN 0962 8797,"Journal compilation © 2007 Blackwell Publishing Ltd., 9600 Garsington Road, Oxford OX4 2DQ, UK and 350 Main Street, Malden, MA 02148, USA.",10.1111/j.1467-9388.2007.00558.x,04a6f39006,False,Towards Institutional Symbiosis Business Maria Ivanova,,10.1111/j.1467-9388.2007.00558.x,Towards Institutional Symbiosis Business Maria Ivanova,True,Title derived from file name; DOI extracted heuristically from first 2 pages where detectable (manual verification recommended).
Transforming governance and institutions for global sustainability- key insights from the_Earth System Governance Project.pdf,Transforming governance and institutions for global sustainability: key insights from the Earth System Governance Project,Frank Biermann,Transforming governance and institutions for global,"Frank Biermann1,2, Kenneth Abbott3, Steinar Andresen4,",10.1016/j.cosust.2012.01.014,78b9b04694,False,Transforming governance and institutions for global sustainability- key insights from the Earth System Governance Project,,10.1016/j.cosust.2012.01.014,Transforming governance and institutions for global sustainability- key insights from the Earth System Governance Project,True,Title derived from file name; DOI extracted heuristically from first 2 pages where detectable (manual verification recommended).
Why states act through formal international organizations.pdf,Why States Act through Formal International Organizations,,Why States Act through Formal International Organizations,Author(s): Kenneth W. Abbott and  Duncan Snidal,,565e8d44d1,False,Why states act through formal international organizations,,,Why states act through formal international organizations,True,Title derived from file name; DOI extracted heuristically from first 2 pages where detectable (manual verification recommended).
organizational ecology and institutional-change-in-global governance.pdf,S0020818315000338jra 247..277,,"Kenneth W. Abbott, Jessica F. Green, and Robert O. Keohane","years. New organizational forms—including informal institutions, transgovernmental",10.1017/S0020818315000338,8c68111741,False,organizational ecology and institutional-change-in-global governance,,10.1017/S0020818315000338,organizational ecology and institutional-change-in-global governance,True,Title derived from file name; DOI extracted heuristically from first 2 pages where detectable (manual verification recommended).
“Privatisation'’ in the United Nations system_.pdf,,,"See discussions, stats, and author profiles for this publication at: https://www.researchgate.net/publication/233367325",,10.1080/13600829708443140,a09b4aa137,True,“Privatisation'’ in the United Nations system,,10.1080/13600829708443140,“Privatisation'’ in the United Nations system,True,Title derived from file name; DOI extracted heuristically from first 2 pages where detectable (manual verification recommended).
